"article","cluster_number","words"
"1.txt",1,"application, care, data, bias, consideration, health, privacy, challenge, governance, tool"
"10.txt",2,"model, design, framework, governance, policy, language, risk, system, technology, decision"
"100.txt",3,"medium, climate, policy, sentiment, topic, model, opinion, change, language, content"
"101.txt",4,"information, healthcare, treatment, model, response, use, survey, concern, adoption, background"
"102.txt",2,"model, design, framework, governance, policy, language, risk, system, technology, decision"
"103.txt",5,"data, management, application, knowledge, model, system, challenge, language, security, domain"
"104.txt",4,"information, healthcare, treatment, model, response, use, survey, concern, adoption, background"
"105.txt",1,"application, care, data, bias, consideration, health, privacy, challenge, governance, tool"
"106.txt",1,"application, care, data, bias, consideration, health, privacy, challenge, governance, tool"
"107.txt",4,"information, healthcare, treatment, model, response, use, survey, concern, adoption, background"
"108.txt",6,"efficiency, energy, edge, system, optimization, overhead, solution, blockchain, challenge, architecture"
"109.txt",5,"data, management, application, knowledge, model, system, challenge, language, security, domain"
"11.txt",5,"data, management, application, knowledge, model, system, challenge, language, security, domain"
"110.txt",7,"student, education, curriculum, faculty, skill, thinking, university, educator, teaching, learning"
"111.txt",8,"adoption, chain, innovation, supply, role, framework, integration, practice, challenge, enterprise"
"112.txt",4,"information, healthcare, treatment, model, response, use, survey, concern, adoption, background"
"113.txt",1,"application, care, data, bias, consideration, health, privacy, challenge, governance, tool"
"114.txt",3,"medium, climate, policy, sentiment, topic, model, opinion, change, language, content"
"115.txt",1,"application, care, data, bias, consideration, health, privacy, challenge, governance, tool"
"116.txt",2,"model, design, framework, governance, policy, language, risk, system, technology, decision"
"117.txt",8,"adoption, chain, innovation, supply, role, framework, integration, practice, challenge, enterprise"
"118.txt",5,"data, management, application, knowledge, model, system, challenge, language, security, domain"
"119.txt",4,"information, healthcare, treatment, model, response, use, survey, concern, adoption, background"
"12.txt",6,"efficiency, energy, edge, system, optimization, overhead, solution, blockchain, challenge, architecture"
"120.txt",3,"medium, climate, policy, sentiment, topic, model, opinion, change, language, content"
"121.txt",9,"accuracy, model, performance, language, detection, dataset, datasets, data, experiment, learning"
"122.txt",9,"accuracy, model, performance, language, detection, dataset, datasets, data, experiment, learning"
"123.txt",8,"adoption, chain, innovation, supply, role, framework, integration, practice, challenge, enterprise"
"124.txt",2,"model, design, framework, governance, policy, language, risk, system, technology, decision"
"125.txt",4,"information, healthcare, treatment, model, response, use, survey, concern, adoption, background"
"126.txt",9,"accuracy, model, performance, language, detection, dataset, datasets, data, experiment, learning"
"127.txt",3,"medium, climate, policy, sentiment, topic, model, opinion, change, language, content"
"128.txt",3,"medium, climate, policy, sentiment, topic, model, opinion, change, language, content"
"129.txt",3,"medium, climate, policy, sentiment, topic, model, opinion, change, language, content"
"13.txt",1,"application, care, data, bias, consideration, health, privacy, challenge, governance, tool"
"130.txt",1,"application, care, data, bias, consideration, health, privacy, challenge, governance, tool"
"131.txt",2,"model, design, framework, governance, policy, language, risk, system, technology, decision"
"132.txt",2,"model, design, framework, governance, policy, language, risk, system, technology, decision"
"133.txt",9,"accuracy, model, performance, language, detection, dataset, datasets, data, experiment, learning"
"134.txt",6,"efficiency, energy, edge, system, optimization, overhead, solution, blockchain, challenge, architecture"
"135.txt",6,"efficiency, energy, edge, system, optimization, overhead, solution, blockchain, challenge, architecture"
"136.txt",3,"medium, climate, policy, sentiment, topic, model, opinion, change, language, content"
"137.txt",2,"model, design, framework, governance, policy, language, risk, system, technology, decision"
"138.txt",5,"data, management, application, knowledge, model, system, challenge, language, security, domain"
"139.txt",9,"accuracy, model, performance, language, detection, dataset, datasets, data, experiment, learning"
"14.txt",7,"student, education, curriculum, faculty, skill, thinking, university, educator, teaching, learning"
"140.txt",2,"model, design, framework, governance, policy, language, risk, system, technology, decision"
"141.txt",8,"adoption, chain, innovation, supply, role, framework, integration, practice, challenge, enterprise"
"142.txt",2,"model, design, framework, governance, policy, language, risk, system, technology, decision"
"143.txt",5,"data, management, application, knowledge, model, system, challenge, language, security, domain"
"144.txt",9,"accuracy, model, performance, language, detection, dataset, datasets, data, experiment, learning"
"145.txt",3,"medium, climate, policy, sentiment, topic, model, opinion, change, language, content"
"146.txt",4,"information, healthcare, treatment, model, response, use, survey, concern, adoption, background"
"147.txt",3,"medium, climate, policy, sentiment, topic, model, opinion, change, language, content"
"148.txt",5,"data, management, application, knowledge, model, system, challenge, language, security, domain"
"149.txt",4,"information, healthcare, treatment, model, response, use, survey, concern, adoption, background"
"15.txt",3,"medium, climate, policy, sentiment, topic, model, opinion, change, language, content"
"150.txt",3,"medium, climate, policy, sentiment, topic, model, opinion, change, language, content"
"151.txt",5,"data, management, application, knowledge, model, system, challenge, language, security, domain"
"152.txt",6,"efficiency, energy, edge, system, optimization, overhead, solution, blockchain, challenge, architecture"
"153.txt",7,"student, education, curriculum, faculty, skill, thinking, university, educator, teaching, learning"
"154.txt",5,"data, management, application, knowledge, model, system, challenge, language, security, domain"
"155.txt",5,"data, management, application, knowledge, model, system, challenge, language, security, domain"
"156.txt",5,"data, management, application, knowledge, model, system, challenge, language, security, domain"
"157.txt",6,"efficiency, energy, edge, system, optimization, overhead, solution, blockchain, challenge, architecture"
"158.txt",3,"medium, climate, policy, sentiment, topic, model, opinion, change, language, content"
"159.txt",9,"accuracy, model, performance, language, detection, dataset, datasets, data, experiment, learning"
"16.txt",8,"adoption, chain, innovation, supply, role, framework, integration, practice, challenge, enterprise"
"160.txt",1,"application, care, data, bias, consideration, health, privacy, challenge, governance, tool"
"161.txt",1,"application, care, data, bias, consideration, health, privacy, challenge, governance, tool"
"162.txt",5,"data, management, application, knowledge, model, system, challenge, language, security, domain"
"163.txt",1,"application, care, data, bias, consideration, health, privacy, challenge, governance, tool"
"164.txt",8,"adoption, chain, innovation, supply, role, framework, integration, practice, challenge, enterprise"
"165.txt",4,"information, healthcare, treatment, model, response, use, survey, concern, adoption, background"
"166.txt",3,"medium, climate, policy, sentiment, topic, model, opinion, change, language, content"
"167.txt",8,"adoption, chain, innovation, supply, role, framework, integration, practice, challenge, enterprise"
"168.txt",8,"adoption, chain, innovation, supply, role, framework, integration, practice, challenge, enterprise"
"169.txt",3,"medium, climate, policy, sentiment, topic, model, opinion, change, language, content"
"17.txt",5,"data, management, application, knowledge, model, system, challenge, language, security, domain"
"170.txt",3,"medium, climate, policy, sentiment, topic, model, opinion, change, language, content"
"171.txt",6,"efficiency, energy, edge, system, optimization, overhead, solution, blockchain, challenge, architecture"
"172.txt",4,"information, healthcare, treatment, model, response, use, survey, concern, adoption, background"
"173.txt",2,"model, design, framework, governance, policy, language, risk, system, technology, decision"
"174.txt",8,"adoption, chain, innovation, supply, role, framework, integration, practice, challenge, enterprise"
"175.txt",4,"information, healthcare, treatment, model, response, use, survey, concern, adoption, background"
"176.txt",5,"data, management, application, knowledge, model, system, challenge, language, security, domain"
"177.txt",1,"application, care, data, bias, consideration, health, privacy, challenge, governance, tool"
"179.txt",1,"application, care, data, bias, consideration, health, privacy, challenge, governance, tool"
"18.txt",1,"application, care, data, bias, consideration, health, privacy, challenge, governance, tool"
"180.txt",3,"medium, climate, policy, sentiment, topic, model, opinion, change, language, content"
"181.txt",1,"application, care, data, bias, consideration, health, privacy, challenge, governance, tool"
"182.txt",5,"data, management, application, knowledge, model, system, challenge, language, security, domain"
"183.txt",8,"adoption, chain, innovation, supply, role, framework, integration, practice, challenge, enterprise"
"184.txt",3,"medium, climate, policy, sentiment, topic, model, opinion, change, language, content"
"185.txt",4,"information, healthcare, treatment, model, response, use, survey, concern, adoption, background"
"186.txt",5,"data, management, application, knowledge, model, system, challenge, language, security, domain"
"187.txt",2,"model, design, framework, governance, policy, language, risk, system, technology, decision"
"188.txt",8,"adoption, chain, innovation, supply, role, framework, integration, practice, challenge, enterprise"
"189.txt",4,"information, healthcare, treatment, model, response, use, survey, concern, adoption, background"
"19.txt",4,"information, healthcare, treatment, model, response, use, survey, concern, adoption, background"
"190.txt",3,"medium, climate, policy, sentiment, topic, model, opinion, change, language, content"
"191.txt",5,"data, management, application, knowledge, model, system, challenge, language, security, domain"
"192.txt",5,"data, management, application, knowledge, model, system, challenge, language, security, domain"
"193.txt",2,"model, design, framework, governance, policy, language, risk, system, technology, decision"
"194.txt",2,"model, design, framework, governance, policy, language, risk, system, technology, decision"
"195.txt",7,"student, education, curriculum, faculty, skill, thinking, university, educator, teaching, learning"
"196.txt",8,"adoption, chain, innovation, supply, role, framework, integration, practice, challenge, enterprise"
"197.txt",1,"application, care, data, bias, consideration, health, privacy, challenge, governance, tool"
"198.txt",4,"information, healthcare, treatment, model, response, use, survey, concern, adoption, background"
"199.txt",1,"application, care, data, bias, consideration, health, privacy, challenge, governance, tool"
"2.txt",4,"information, healthcare, treatment, model, response, use, survey, concern, adoption, background"
"20.txt",2,"model, design, framework, governance, policy, language, risk, system, technology, decision"
"200.txt",9,"accuracy, model, performance, language, detection, dataset, datasets, data, experiment, learning"
"201.txt",1,"application, care, data, bias, consideration, health, privacy, challenge, governance, tool"
"202.txt",1,"application, care, data, bias, consideration, health, privacy, challenge, governance, tool"
"203.txt",5,"data, management, application, knowledge, model, system, challenge, language, security, domain"
"204.txt",5,"data, management, application, knowledge, model, system, challenge, language, security, domain"
"205.txt",2,"model, design, framework, governance, policy, language, risk, system, technology, decision"
"206.txt",2,"model, design, framework, governance, policy, language, risk, system, technology, decision"
"207.txt",1,"application, care, data, bias, consideration, health, privacy, challenge, governance, tool"
"208.txt",5,"data, management, application, knowledge, model, system, challenge, language, security, domain"
"209.txt",8,"adoption, chain, innovation, supply, role, framework, integration, practice, challenge, enterprise"
"21.txt",8,"adoption, chain, innovation, supply, role, framework, integration, practice, challenge, enterprise"
"210.txt",3,"medium, climate, policy, sentiment, topic, model, opinion, change, language, content"
"211.txt",5,"data, management, application, knowledge, model, system, challenge, language, security, domain"
"212.txt",2,"model, design, framework, governance, policy, language, risk, system, technology, decision"
"213.txt",6,"efficiency, energy, edge, system, optimization, overhead, solution, blockchain, challenge, architecture"
"214.txt",8,"adoption, chain, innovation, supply, role, framework, integration, practice, challenge, enterprise"
"215.txt",8,"adoption, chain, innovation, supply, role, framework, integration, practice, challenge, enterprise"
"216.txt",2,"model, design, framework, governance, policy, language, risk, system, technology, decision"
"217.txt",3,"medium, climate, policy, sentiment, topic, model, opinion, change, language, content"
"218.txt",5,"data, management, application, knowledge, model, system, challenge, language, security, domain"
"219.txt",5,"data, management, application, knowledge, model, system, challenge, language, security, domain"
"22.txt",1,"application, care, data, bias, consideration, health, privacy, challenge, governance, tool"
"220.txt",5,"data, management, application, knowledge, model, system, challenge, language, security, domain"
"221.txt",2,"model, design, framework, governance, policy, language, risk, system, technology, decision"
"222.txt",3,"medium, climate, policy, sentiment, topic, model, opinion, change, language, content"
"223.txt",2,"model, design, framework, governance, policy, language, risk, system, technology, decision"
"224.txt",2,"model, design, framework, governance, policy, language, risk, system, technology, decision"
"225.txt",8,"adoption, chain, innovation, supply, role, framework, integration, practice, challenge, enterprise"
"226.txt",9,"accuracy, model, performance, language, detection, dataset, datasets, data, experiment, learning"
"227.txt",2,"model, design, framework, governance, policy, language, risk, system, technology, decision"
"228.txt",5,"data, management, application, knowledge, model, system, challenge, language, security, domain"
"229.txt",9,"accuracy, model, performance, language, detection, dataset, datasets, data, experiment, learning"
"23.txt",7,"student, education, curriculum, faculty, skill, thinking, university, educator, teaching, learning"
"230.txt",9,"accuracy, model, performance, language, detection, dataset, datasets, data, experiment, learning"
"231.txt",8,"adoption, chain, innovation, supply, role, framework, integration, practice, challenge, enterprise"
"232.txt",8,"adoption, chain, innovation, supply, role, framework, integration, practice, challenge, enterprise"
"233.txt",5,"data, management, application, knowledge, model, system, challenge, language, security, domain"
"234.txt",2,"model, design, framework, governance, policy, language, risk, system, technology, decision"
"235.txt",8,"adoption, chain, innovation, supply, role, framework, integration, practice, challenge, enterprise"
"236.txt",5,"data, management, application, knowledge, model, system, challenge, language, security, domain"
"237.txt",5,"data, management, application, knowledge, model, system, challenge, language, security, domain"
"238.txt",3,"medium, climate, policy, sentiment, topic, model, opinion, change, language, content"
"239.txt",4,"information, healthcare, treatment, model, response, use, survey, concern, adoption, background"
"24.txt",3,"medium, climate, policy, sentiment, topic, model, opinion, change, language, content"
"240.txt",3,"medium, climate, policy, sentiment, topic, model, opinion, change, language, content"
"241.txt",5,"data, management, application, knowledge, model, system, challenge, language, security, domain"
"242.txt",2,"model, design, framework, governance, policy, language, risk, system, technology, decision"
"243.txt",3,"medium, climate, policy, sentiment, topic, model, opinion, change, language, content"
"244.txt",1,"application, care, data, bias, consideration, health, privacy, challenge, governance, tool"
"245.txt",2,"model, design, framework, governance, policy, language, risk, system, technology, decision"
"246.txt",1,"application, care, data, bias, consideration, health, privacy, challenge, governance, tool"
"247.txt",9,"accuracy, model, performance, language, detection, dataset, datasets, data, experiment, learning"
"248.txt",3,"medium, climate, policy, sentiment, topic, model, opinion, change, language, content"
"249.txt",4,"information, healthcare, treatment, model, response, use, survey, concern, adoption, background"
"25.txt",3,"medium, climate, policy, sentiment, topic, model, opinion, change, language, content"
"250.txt",4,"information, healthcare, treatment, model, response, use, survey, concern, adoption, background"
"251.txt",9,"accuracy, model, performance, language, detection, dataset, datasets, data, experiment, learning"
"252.txt",2,"model, design, framework, governance, policy, language, risk, system, technology, decision"
"253.txt",3,"medium, climate, policy, sentiment, topic, model, opinion, change, language, content"
"254.txt",9,"accuracy, model, performance, language, detection, dataset, datasets, data, experiment, learning"
"255.txt",3,"medium, climate, policy, sentiment, topic, model, opinion, change, language, content"
"256.txt",4,"information, healthcare, treatment, model, response, use, survey, concern, adoption, background"
"257.txt",5,"data, management, application, knowledge, model, system, challenge, language, security, domain"
"258.txt",6,"efficiency, energy, edge, system, optimization, overhead, solution, blockchain, challenge, architecture"
"259.txt",6,"efficiency, energy, edge, system, optimization, overhead, solution, blockchain, challenge, architecture"
"26.txt",5,"data, management, application, knowledge, model, system, challenge, language, security, domain"
"260.txt",5,"data, management, application, knowledge, model, system, challenge, language, security, domain"
"261.txt",9,"accuracy, model, performance, language, detection, dataset, datasets, data, experiment, learning"
"262.txt",5,"data, management, application, knowledge, model, system, challenge, language, security, domain"
"263.txt",6,"efficiency, energy, edge, system, optimization, overhead, solution, blockchain, challenge, architecture"
"264.txt",4,"information, healthcare, treatment, model, response, use, survey, concern, adoption, background"
"265.txt",8,"adoption, chain, innovation, supply, role, framework, integration, practice, challenge, enterprise"
"266.txt",8,"adoption, chain, innovation, supply, role, framework, integration, practice, challenge, enterprise"
"267.txt",6,"efficiency, energy, edge, system, optimization, overhead, solution, blockchain, challenge, architecture"
"268.txt",9,"accuracy, model, performance, language, detection, dataset, datasets, data, experiment, learning"
"269.txt",3,"medium, climate, policy, sentiment, topic, model, opinion, change, language, content"
"27.txt",5,"data, management, application, knowledge, model, system, challenge, language, security, domain"
"270.txt",3,"medium, climate, policy, sentiment, topic, model, opinion, change, language, content"
"271.txt",3,"medium, climate, policy, sentiment, topic, model, opinion, change, language, content"
"273.txt",6,"efficiency, energy, edge, system, optimization, overhead, solution, blockchain, challenge, architecture"
"274.txt",9,"accuracy, model, performance, language, detection, dataset, datasets, data, experiment, learning"
"275.txt",5,"data, management, application, knowledge, model, system, challenge, language, security, domain"
"276.txt",2,"model, design, framework, governance, policy, language, risk, system, technology, decision"
"277.txt",2,"model, design, framework, governance, policy, language, risk, system, technology, decision"
"278.txt",1,"application, care, data, bias, consideration, health, privacy, challenge, governance, tool"
"279.txt",4,"information, healthcare, treatment, model, response, use, survey, concern, adoption, background"
"28.txt",4,"information, healthcare, treatment, model, response, use, survey, concern, adoption, background"
"280.txt",4,"information, healthcare, treatment, model, response, use, survey, concern, adoption, background"
"281.txt",9,"accuracy, model, performance, language, detection, dataset, datasets, data, experiment, learning"
"282.txt",5,"data, management, application, knowledge, model, system, challenge, language, security, domain"
"283.txt",1,"application, care, data, bias, consideration, health, privacy, challenge, governance, tool"
"284.txt",3,"medium, climate, policy, sentiment, topic, model, opinion, change, language, content"
"285.txt",1,"application, care, data, bias, consideration, health, privacy, challenge, governance, tool"
"286.txt",2,"model, design, framework, governance, policy, language, risk, system, technology, decision"
"287.txt",3,"medium, climate, policy, sentiment, topic, model, opinion, change, language, content"
"288.txt",5,"data, management, application, knowledge, model, system, challenge, language, security, domain"
"289.txt",1,"application, care, data, bias, consideration, health, privacy, challenge, governance, tool"
"29.txt",3,"medium, climate, policy, sentiment, topic, model, opinion, change, language, content"
"290.txt",6,"efficiency, energy, edge, system, optimization, overhead, solution, blockchain, challenge, architecture"
"291.txt",5,"data, management, application, knowledge, model, system, challenge, language, security, domain"
"292.txt",8,"adoption, chain, innovation, supply, role, framework, integration, practice, challenge, enterprise"
"293.txt",5,"data, management, application, knowledge, model, system, challenge, language, security, domain"
"294.txt",3,"medium, climate, policy, sentiment, topic, model, opinion, change, language, content"
"295.txt",1,"application, care, data, bias, consideration, health, privacy, challenge, governance, tool"
"296.txt",2,"model, design, framework, governance, policy, language, risk, system, technology, decision"
"297.txt",5,"data, management, application, knowledge, model, system, challenge, language, security, domain"
"298.txt",8,"adoption, chain, innovation, supply, role, framework, integration, practice, challenge, enterprise"
"299.txt",5,"data, management, application, knowledge, model, system, challenge, language, security, domain"
"3.txt",1,"application, care, data, bias, consideration, health, privacy, challenge, governance, tool"
"30.txt",5,"data, management, application, knowledge, model, system, challenge, language, security, domain"
"300.txt",4,"information, healthcare, treatment, model, response, use, survey, concern, adoption, background"
"301.txt",5,"data, management, application, knowledge, model, system, challenge, language, security, domain"
"302.txt",4,"information, healthcare, treatment, model, response, use, survey, concern, adoption, background"
"303.txt",9,"accuracy, model, performance, language, detection, dataset, datasets, data, experiment, learning"
"304.txt",8,"adoption, chain, innovation, supply, role, framework, integration, practice, challenge, enterprise"
"305.txt",5,"data, management, application, knowledge, model, system, challenge, language, security, domain"
"306.txt",3,"medium, climate, policy, sentiment, topic, model, opinion, change, language, content"
"307.txt",2,"model, design, framework, governance, policy, language, risk, system, technology, decision"
"308.txt",8,"adoption, chain, innovation, supply, role, framework, integration, practice, challenge, enterprise"
"309.txt",4,"information, healthcare, treatment, model, response, use, survey, concern, adoption, background"
"31.txt",5,"data, management, application, knowledge, model, system, challenge, language, security, domain"
"310.txt",8,"adoption, chain, innovation, supply, role, framework, integration, practice, challenge, enterprise"
"311.txt",9,"accuracy, model, performance, language, detection, dataset, datasets, data, experiment, learning"
"312.txt",3,"medium, climate, policy, sentiment, topic, model, opinion, change, language, content"
"313.txt",3,"medium, climate, policy, sentiment, topic, model, opinion, change, language, content"
"314.txt",2,"model, design, framework, governance, policy, language, risk, system, technology, decision"
"315.txt",3,"medium, climate, policy, sentiment, topic, model, opinion, change, language, content"
"316.txt",1,"application, care, data, bias, consideration, health, privacy, challenge, governance, tool"
"317.txt",7,"student, education, curriculum, faculty, skill, thinking, university, educator, teaching, learning"
"318.txt",7,"student, education, curriculum, faculty, skill, thinking, university, educator, teaching, learning"
"319.txt",2,"model, design, framework, governance, policy, language, risk, system, technology, decision"
"32.txt",9,"accuracy, model, performance, language, detection, dataset, datasets, data, experiment, learning"
"320.txt",9,"accuracy, model, performance, language, detection, dataset, datasets, data, experiment, learning"
"321.txt",3,"medium, climate, policy, sentiment, topic, model, opinion, change, language, content"
"322.txt",8,"adoption, chain, innovation, supply, role, framework, integration, practice, challenge, enterprise"
"323.txt",9,"accuracy, model, performance, language, detection, dataset, datasets, data, experiment, learning"
"324.txt",9,"accuracy, model, performance, language, detection, dataset, datasets, data, experiment, learning"
"325.txt",3,"medium, climate, policy, sentiment, topic, model, opinion, change, language, content"
"326.txt",4,"information, healthcare, treatment, model, response, use, survey, concern, adoption, background"
"327.txt",3,"medium, climate, policy, sentiment, topic, model, opinion, change, language, content"
"328.txt",9,"accuracy, model, performance, language, detection, dataset, datasets, data, experiment, learning"
"329.txt",9,"accuracy, model, performance, language, detection, dataset, datasets, data, experiment, learning"
"33.txt",7,"student, education, curriculum, faculty, skill, thinking, university, educator, teaching, learning"
"330.txt",4,"information, healthcare, treatment, model, response, use, survey, concern, adoption, background"
"331.txt",5,"data, management, application, knowledge, model, system, challenge, language, security, domain"
"332.txt",7,"student, education, curriculum, faculty, skill, thinking, university, educator, teaching, learning"
"333.txt",2,"model, design, framework, governance, policy, language, risk, system, technology, decision"
"334.txt",1,"application, care, data, bias, consideration, health, privacy, challenge, governance, tool"
"335.txt",1,"application, care, data, bias, consideration, health, privacy, challenge, governance, tool"
"336.txt",2,"model, design, framework, governance, policy, language, risk, system, technology, decision"
"337.txt",5,"data, management, application, knowledge, model, system, challenge, language, security, domain"
"338.txt",3,"medium, climate, policy, sentiment, topic, model, opinion, change, language, content"
"339.txt",5,"data, management, application, knowledge, model, system, challenge, language, security, domain"
"34.txt",4,"information, healthcare, treatment, model, response, use, survey, concern, adoption, background"
"340.txt",2,"model, design, framework, governance, policy, language, risk, system, technology, decision"
"341.txt",9,"accuracy, model, performance, language, detection, dataset, datasets, data, experiment, learning"
"342.txt",2,"model, design, framework, governance, policy, language, risk, system, technology, decision"
"343.txt",9,"accuracy, model, performance, language, detection, dataset, datasets, data, experiment, learning"
"344.txt",6,"efficiency, energy, edge, system, optimization, overhead, solution, blockchain, challenge, architecture"
"345.txt",1,"application, care, data, bias, consideration, health, privacy, challenge, governance, tool"
"346.txt",3,"medium, climate, policy, sentiment, topic, model, opinion, change, language, content"
"347.txt",1,"application, care, data, bias, consideration, health, privacy, challenge, governance, tool"
"348.txt",5,"data, management, application, knowledge, model, system, challenge, language, security, domain"
"349.txt",9,"accuracy, model, performance, language, detection, dataset, datasets, data, experiment, learning"
"35.txt",8,"adoption, chain, innovation, supply, role, framework, integration, practice, challenge, enterprise"
"350.txt",8,"adoption, chain, innovation, supply, role, framework, integration, practice, challenge, enterprise"
"351.txt",9,"accuracy, model, performance, language, detection, dataset, datasets, data, experiment, learning"
"352.txt",5,"data, management, application, knowledge, model, system, challenge, language, security, domain"
"353.txt",4,"information, healthcare, treatment, model, response, use, survey, concern, adoption, background"
"354.txt",8,"adoption, chain, innovation, supply, role, framework, integration, practice, challenge, enterprise"
"355.txt",4,"information, healthcare, treatment, model, response, use, survey, concern, adoption, background"
"356.txt",2,"model, design, framework, governance, policy, language, risk, system, technology, decision"
"357.txt",9,"accuracy, model, performance, language, detection, dataset, datasets, data, experiment, learning"
"358.txt",2,"model, design, framework, governance, policy, language, risk, system, technology, decision"
"359.txt",8,"adoption, chain, innovation, supply, role, framework, integration, practice, challenge, enterprise"
"360.txt",1,"application, care, data, bias, consideration, health, privacy, challenge, governance, tool"
"361.txt",2,"model, design, framework, governance, policy, language, risk, system, technology, decision"
"362.txt",6,"efficiency, energy, edge, system, optimization, overhead, solution, blockchain, challenge, architecture"
"363.txt",6,"efficiency, energy, edge, system, optimization, overhead, solution, blockchain, challenge, architecture"
"364.txt",6,"efficiency, energy, edge, system, optimization, overhead, solution, blockchain, challenge, architecture"
"365.txt",3,"medium, climate, policy, sentiment, topic, model, opinion, change, language, content"
"366.txt",9,"accuracy, model, performance, language, detection, dataset, datasets, data, experiment, learning"
"367.txt",5,"data, management, application, knowledge, model, system, challenge, language, security, domain"
"368.txt",5,"data, management, application, knowledge, model, system, challenge, language, security, domain"
"369.txt",8,"adoption, chain, innovation, supply, role, framework, integration, practice, challenge, enterprise"
"37.txt",8,"adoption, chain, innovation, supply, role, framework, integration, practice, challenge, enterprise"
"370.txt",9,"accuracy, model, performance, language, detection, dataset, datasets, data, experiment, learning"
"371.txt",1,"application, care, data, bias, consideration, health, privacy, challenge, governance, tool"
"372.txt",2,"model, design, framework, governance, policy, language, risk, system, technology, decision"
"373.txt",4,"information, healthcare, treatment, model, response, use, survey, concern, adoption, background"
"374.txt",8,"adoption, chain, innovation, supply, role, framework, integration, practice, challenge, enterprise"
"375.txt",2,"model, design, framework, governance, policy, language, risk, system, technology, decision"
"376.txt",5,"data, management, application, knowledge, model, system, challenge, language, security, domain"
"377.txt",2,"model, design, framework, governance, policy, language, risk, system, technology, decision"
"378.txt",6,"efficiency, energy, edge, system, optimization, overhead, solution, blockchain, challenge, architecture"
"379.txt",9,"accuracy, model, performance, language, detection, dataset, datasets, data, experiment, learning"
"38.txt",4,"information, healthcare, treatment, model, response, use, survey, concern, adoption, background"
"380.txt",5,"data, management, application, knowledge, model, system, challenge, language, security, domain"
"381.txt",2,"model, design, framework, governance, policy, language, risk, system, technology, decision"
"382.txt",5,"data, management, application, knowledge, model, system, challenge, language, security, domain"
"383.txt",2,"model, design, framework, governance, policy, language, risk, system, technology, decision"
"384.txt",1,"application, care, data, bias, consideration, health, privacy, challenge, governance, tool"
"385.txt",1,"application, care, data, bias, consideration, health, privacy, challenge, governance, tool"
"386.txt",4,"information, healthcare, treatment, model, response, use, survey, concern, adoption, background"
"387.txt",5,"data, management, application, knowledge, model, system, challenge, language, security, domain"
"388.txt",8,"adoption, chain, innovation, supply, role, framework, integration, practice, challenge, enterprise"
"389.txt",2,"model, design, framework, governance, policy, language, risk, system, technology, decision"
"39.txt",5,"data, management, application, knowledge, model, system, challenge, language, security, domain"
"390.txt",1,"application, care, data, bias, consideration, health, privacy, challenge, governance, tool"
"391.txt",1,"application, care, data, bias, consideration, health, privacy, challenge, governance, tool"
"392.txt",8,"adoption, chain, innovation, supply, role, framework, integration, practice, challenge, enterprise"
"393.txt",7,"student, education, curriculum, faculty, skill, thinking, university, educator, teaching, learning"
"394.txt",3,"medium, climate, policy, sentiment, topic, model, opinion, change, language, content"
"395.txt",2,"model, design, framework, governance, policy, language, risk, system, technology, decision"
"396.txt",7,"student, education, curriculum, faculty, skill, thinking, university, educator, teaching, learning"
"397.txt",3,"medium, climate, policy, sentiment, topic, model, opinion, change, language, content"
"398.txt",3,"medium, climate, policy, sentiment, topic, model, opinion, change, language, content"
"399.txt",3,"medium, climate, policy, sentiment, topic, model, opinion, change, language, content"
"4.txt",1,"application, care, data, bias, consideration, health, privacy, challenge, governance, tool"
"40.txt",8,"adoption, chain, innovation, supply, role, framework, integration, practice, challenge, enterprise"
"400.txt",3,"medium, climate, policy, sentiment, topic, model, opinion, change, language, content"
"401.txt",8,"adoption, chain, innovation, supply, role, framework, integration, practice, challenge, enterprise"
"402.txt",1,"application, care, data, bias, consideration, health, privacy, challenge, governance, tool"
"403.txt",8,"adoption, chain, innovation, supply, role, framework, integration, practice, challenge, enterprise"
"404.txt",7,"student, education, curriculum, faculty, skill, thinking, university, educator, teaching, learning"
"405.txt",9,"accuracy, model, performance, language, detection, dataset, datasets, data, experiment, learning"
"406.txt",7,"student, education, curriculum, faculty, skill, thinking, university, educator, teaching, learning"
"407.txt",2,"model, design, framework, governance, policy, language, risk, system, technology, decision"
"409.txt",2,"model, design, framework, governance, policy, language, risk, system, technology, decision"
"41.txt",2,"model, design, framework, governance, policy, language, risk, system, technology, decision"
"410.txt",4,"information, healthcare, treatment, model, response, use, survey, concern, adoption, background"
"411.txt",9,"accuracy, model, performance, language, detection, dataset, datasets, data, experiment, learning"
"412.txt",5,"data, management, application, knowledge, model, system, challenge, language, security, domain"
"413.txt",5,"data, management, application, knowledge, model, system, challenge, language, security, domain"
"414.txt",5,"data, management, application, knowledge, model, system, challenge, language, security, domain"
"415.txt",1,"application, care, data, bias, consideration, health, privacy, challenge, governance, tool"
"416.txt",9,"accuracy, model, performance, language, detection, dataset, datasets, data, experiment, learning"
"417.txt",3,"medium, climate, policy, sentiment, topic, model, opinion, change, language, content"
"418.txt",5,"data, management, application, knowledge, model, system, challenge, language, security, domain"
"419.txt",1,"application, care, data, bias, consideration, health, privacy, challenge, governance, tool"
"42.txt",2,"model, design, framework, governance, policy, language, risk, system, technology, decision"
"420.txt",3,"medium, climate, policy, sentiment, topic, model, opinion, change, language, content"
"421.txt",1,"application, care, data, bias, consideration, health, privacy, challenge, governance, tool"
"422.txt",9,"accuracy, model, performance, language, detection, dataset, datasets, data, experiment, learning"
"423.txt",5,"data, management, application, knowledge, model, system, challenge, language, security, domain"
"424.txt",1,"application, care, data, bias, consideration, health, privacy, challenge, governance, tool"
"425.txt",1,"application, care, data, bias, consideration, health, privacy, challenge, governance, tool"
"426.txt",9,"accuracy, model, performance, language, detection, dataset, datasets, data, experiment, learning"
"427.txt",2,"model, design, framework, governance, policy, language, risk, system, technology, decision"
"428.txt",8,"adoption, chain, innovation, supply, role, framework, integration, practice, challenge, enterprise"
"429.txt",2,"model, design, framework, governance, policy, language, risk, system, technology, decision"
"43.txt",7,"student, education, curriculum, faculty, skill, thinking, university, educator, teaching, learning"
"430.txt",6,"efficiency, energy, edge, system, optimization, overhead, solution, blockchain, challenge, architecture"
"431.txt",7,"student, education, curriculum, faculty, skill, thinking, university, educator, teaching, learning"
"432.txt",9,"accuracy, model, performance, language, detection, dataset, datasets, data, experiment, learning"
"433.txt",7,"student, education, curriculum, faculty, skill, thinking, university, educator, teaching, learning"
"434.txt",5,"data, management, application, knowledge, model, system, challenge, language, security, domain"
"435.txt",2,"model, design, framework, governance, policy, language, risk, system, technology, decision"
"436.txt",5,"data, management, application, knowledge, model, system, challenge, language, security, domain"
"437.txt",2,"model, design, framework, governance, policy, language, risk, system, technology, decision"
"438.txt",4,"information, healthcare, treatment, model, response, use, survey, concern, adoption, background"
"439.txt",7,"student, education, curriculum, faculty, skill, thinking, university, educator, teaching, learning"
"44.txt",3,"medium, climate, policy, sentiment, topic, model, opinion, change, language, content"
"440.txt",9,"accuracy, model, performance, language, detection, dataset, datasets, data, experiment, learning"
"441.txt",4,"information, healthcare, treatment, model, response, use, survey, concern, adoption, background"
"442.txt",9,"accuracy, model, performance, language, detection, dataset, datasets, data, experiment, learning"
"443.txt",1,"application, care, data, bias, consideration, health, privacy, challenge, governance, tool"
"444.txt",2,"model, design, framework, governance, policy, language, risk, system, technology, decision"
"445.txt",2,"model, design, framework, governance, policy, language, risk, system, technology, decision"
"446.txt",3,"medium, climate, policy, sentiment, topic, model, opinion, change, language, content"
"447.txt",4,"information, healthcare, treatment, model, response, use, survey, concern, adoption, background"
"448.txt",2,"model, design, framework, governance, policy, language, risk, system, technology, decision"
"449.txt",2,"model, design, framework, governance, policy, language, risk, system, technology, decision"
"45.txt",2,"model, design, framework, governance, policy, language, risk, system, technology, decision"
"450.txt",5,"data, management, application, knowledge, model, system, challenge, language, security, domain"
"451.txt",9,"accuracy, model, performance, language, detection, dataset, datasets, data, experiment, learning"
"452.txt",9,"accuracy, model, performance, language, detection, dataset, datasets, data, experiment, learning"
"453.txt",3,"medium, climate, policy, sentiment, topic, model, opinion, change, language, content"
"454.txt",3,"medium, climate, policy, sentiment, topic, model, opinion, change, language, content"
"455.txt",2,"model, design, framework, governance, policy, language, risk, system, technology, decision"
"456.txt",4,"information, healthcare, treatment, model, response, use, survey, concern, adoption, background"
"457.txt",1,"application, care, data, bias, consideration, health, privacy, challenge, governance, tool"
"458.txt",9,"accuracy, model, performance, language, detection, dataset, datasets, data, experiment, learning"
"459.txt",8,"adoption, chain, innovation, supply, role, framework, integration, practice, challenge, enterprise"
"46.txt",9,"accuracy, model, performance, language, detection, dataset, datasets, data, experiment, learning"
"460.txt",1,"application, care, data, bias, consideration, health, privacy, challenge, governance, tool"
"461.txt",4,"information, healthcare, treatment, model, response, use, survey, concern, adoption, background"
"462.txt",9,"accuracy, model, performance, language, detection, dataset, datasets, data, experiment, learning"
"463.txt",9,"accuracy, model, performance, language, detection, dataset, datasets, data, experiment, learning"
"464.txt",2,"model, design, framework, governance, policy, language, risk, system, technology, decision"
"465.txt",4,"information, healthcare, treatment, model, response, use, survey, concern, adoption, background"
"466.txt",2,"model, design, framework, governance, policy, language, risk, system, technology, decision"
"467.txt",8,"adoption, chain, innovation, supply, role, framework, integration, practice, challenge, enterprise"
"468.txt",5,"data, management, application, knowledge, model, system, challenge, language, security, domain"
"469.txt",2,"model, design, framework, governance, policy, language, risk, system, technology, decision"
"47.txt",8,"adoption, chain, innovation, supply, role, framework, integration, practice, challenge, enterprise"
"470.txt",4,"information, healthcare, treatment, model, response, use, survey, concern, adoption, background"
"471.txt",2,"model, design, framework, governance, policy, language, risk, system, technology, decision"
"472.txt",2,"model, design, framework, governance, policy, language, risk, system, technology, decision"
"473.txt",1,"application, care, data, bias, consideration, health, privacy, challenge, governance, tool"
"474.txt",2,"model, design, framework, governance, policy, language, risk, system, technology, decision"
"475.txt",2,"model, design, framework, governance, policy, language, risk, system, technology, decision"
"476.txt",9,"accuracy, model, performance, language, detection, dataset, datasets, data, experiment, learning"
"477.txt",9,"accuracy, model, performance, language, detection, dataset, datasets, data, experiment, learning"
"478.txt",2,"model, design, framework, governance, policy, language, risk, system, technology, decision"
"479.txt",9,"accuracy, model, performance, language, detection, dataset, datasets, data, experiment, learning"
"48.txt",1,"application, care, data, bias, consideration, health, privacy, challenge, governance, tool"
"480.txt",4,"information, healthcare, treatment, model, response, use, survey, concern, adoption, background"
"481.txt",3,"medium, climate, policy, sentiment, topic, model, opinion, change, language, content"
"482.txt",4,"information, healthcare, treatment, model, response, use, survey, concern, adoption, background"
"483.txt",5,"data, management, application, knowledge, model, system, challenge, language, security, domain"
"484.txt",8,"adoption, chain, innovation, supply, role, framework, integration, practice, challenge, enterprise"
"485.txt",1,"application, care, data, bias, consideration, health, privacy, challenge, governance, tool"
"486.txt",2,"model, design, framework, governance, policy, language, risk, system, technology, decision"
"487.txt",2,"model, design, framework, governance, policy, language, risk, system, technology, decision"
"488.txt",2,"model, design, framework, governance, policy, language, risk, system, technology, decision"
"489.txt",1,"application, care, data, bias, consideration, health, privacy, challenge, governance, tool"
"49.txt",5,"data, management, application, knowledge, model, system, challenge, language, security, domain"
"490.txt",4,"information, healthcare, treatment, model, response, use, survey, concern, adoption, background"
"491.txt",7,"student, education, curriculum, faculty, skill, thinking, university, educator, teaching, learning"
"492.txt",5,"data, management, application, knowledge, model, system, challenge, language, security, domain"
"493.txt",4,"information, healthcare, treatment, model, response, use, survey, concern, adoption, background"
"494.txt",4,"information, healthcare, treatment, model, response, use, survey, concern, adoption, background"
"495.txt",3,"medium, climate, policy, sentiment, topic, model, opinion, change, language, content"
"496.txt",2,"model, design, framework, governance, policy, language, risk, system, technology, decision"
"497.txt",3,"medium, climate, policy, sentiment, topic, model, opinion, change, language, content"
"498.txt",8,"adoption, chain, innovation, supply, role, framework, integration, practice, challenge, enterprise"
"499.txt",2,"model, design, framework, governance, policy, language, risk, system, technology, decision"
"5.txt",2,"model, design, framework, governance, policy, language, risk, system, technology, decision"
"50.txt",5,"data, management, application, knowledge, model, system, challenge, language, security, domain"
"500.txt",4,"information, healthcare, treatment, model, response, use, survey, concern, adoption, background"
"501.txt",1,"application, care, data, bias, consideration, health, privacy, challenge, governance, tool"
"502.txt",5,"data, management, application, knowledge, model, system, challenge, language, security, domain"
"503.txt",1,"application, care, data, bias, consideration, health, privacy, challenge, governance, tool"
"504.txt",4,"information, healthcare, treatment, model, response, use, survey, concern, adoption, background"
"505.txt",1,"application, care, data, bias, consideration, health, privacy, challenge, governance, tool"
"506.txt",3,"medium, climate, policy, sentiment, topic, model, opinion, change, language, content"
"507.txt",4,"information, healthcare, treatment, model, response, use, survey, concern, adoption, background"
"508.txt",7,"student, education, curriculum, faculty, skill, thinking, university, educator, teaching, learning"
"509.txt",5,"data, management, application, knowledge, model, system, challenge, language, security, domain"
"51.txt",6,"efficiency, energy, edge, system, optimization, overhead, solution, blockchain, challenge, architecture"
"510.txt",2,"model, design, framework, governance, policy, language, risk, system, technology, decision"
"511.txt",5,"data, management, application, knowledge, model, system, challenge, language, security, domain"
"512.txt",1,"application, care, data, bias, consideration, health, privacy, challenge, governance, tool"
"513.txt",2,"model, design, framework, governance, policy, language, risk, system, technology, decision"
"514.txt",2,"model, design, framework, governance, policy, language, risk, system, technology, decision"
"515.txt",9,"accuracy, model, performance, language, detection, dataset, datasets, data, experiment, learning"
"516.txt",2,"model, design, framework, governance, policy, language, risk, system, technology, decision"
"517.txt",2,"model, design, framework, governance, policy, language, risk, system, technology, decision"
"518.txt",3,"medium, climate, policy, sentiment, topic, model, opinion, change, language, content"
"519.txt",9,"accuracy, model, performance, language, detection, dataset, datasets, data, experiment, learning"
"52.txt",2,"model, design, framework, governance, policy, language, risk, system, technology, decision"
"520.txt",3,"medium, climate, policy, sentiment, topic, model, opinion, change, language, content"
"521.txt",4,"information, healthcare, treatment, model, response, use, survey, concern, adoption, background"
"522.txt",7,"student, education, curriculum, faculty, skill, thinking, university, educator, teaching, learning"
"523.txt",2,"model, design, framework, governance, policy, language, risk, system, technology, decision"
"524.txt",1,"application, care, data, bias, consideration, health, privacy, challenge, governance, tool"
"525.txt",5,"data, management, application, knowledge, model, system, challenge, language, security, domain"
"526.txt",1,"application, care, data, bias, consideration, health, privacy, challenge, governance, tool"
"527.txt",4,"information, healthcare, treatment, model, response, use, survey, concern, adoption, background"
"528.txt",2,"model, design, framework, governance, policy, language, risk, system, technology, decision"
"529.txt",8,"adoption, chain, innovation, supply, role, framework, integration, practice, challenge, enterprise"
"53.txt",7,"student, education, curriculum, faculty, skill, thinking, university, educator, teaching, learning"
"530.txt",2,"model, design, framework, governance, policy, language, risk, system, technology, decision"
"531.txt",2,"model, design, framework, governance, policy, language, risk, system, technology, decision"
"532.txt",1,"application, care, data, bias, consideration, health, privacy, challenge, governance, tool"
"533.txt",5,"data, management, application, knowledge, model, system, challenge, language, security, domain"
"534.txt",5,"data, management, application, knowledge, model, system, challenge, language, security, domain"
"535.txt",6,"efficiency, energy, edge, system, optimization, overhead, solution, blockchain, challenge, architecture"
"536.txt",5,"data, management, application, knowledge, model, system, challenge, language, security, domain"
"537.txt",5,"data, management, application, knowledge, model, system, challenge, language, security, domain"
"538.txt",1,"application, care, data, bias, consideration, health, privacy, challenge, governance, tool"
"539.txt",5,"data, management, application, knowledge, model, system, challenge, language, security, domain"
"54.txt",3,"medium, climate, policy, sentiment, topic, model, opinion, change, language, content"
"540.txt",8,"adoption, chain, innovation, supply, role, framework, integration, practice, challenge, enterprise"
"541.txt",2,"model, design, framework, governance, policy, language, risk, system, technology, decision"
"542.txt",8,"adoption, chain, innovation, supply, role, framework, integration, practice, challenge, enterprise"
"543.txt",8,"adoption, chain, innovation, supply, role, framework, integration, practice, challenge, enterprise"
"544.txt",2,"model, design, framework, governance, policy, language, risk, system, technology, decision"
"545.txt",3,"medium, climate, policy, sentiment, topic, model, opinion, change, language, content"
"546.txt",5,"data, management, application, knowledge, model, system, challenge, language, security, domain"
"547.txt",5,"data, management, application, knowledge, model, system, challenge, language, security, domain"
"548.txt",2,"model, design, framework, governance, policy, language, risk, system, technology, decision"
"549.txt",2,"model, design, framework, governance, policy, language, risk, system, technology, decision"
"55.txt",4,"information, healthcare, treatment, model, response, use, survey, concern, adoption, background"
"550.txt",8,"adoption, chain, innovation, supply, role, framework, integration, practice, challenge, enterprise"
"551.txt",8,"adoption, chain, innovation, supply, role, framework, integration, practice, challenge, enterprise"
"552.txt",4,"information, healthcare, treatment, model, response, use, survey, concern, adoption, background"
"553.txt",2,"model, design, framework, governance, policy, language, risk, system, technology, decision"
"554.txt",5,"data, management, application, knowledge, model, system, challenge, language, security, domain"
"555.txt",2,"model, design, framework, governance, policy, language, risk, system, technology, decision"
"556.txt",8,"adoption, chain, innovation, supply, role, framework, integration, practice, challenge, enterprise"
"557.txt",4,"information, healthcare, treatment, model, response, use, survey, concern, adoption, background"
"558.txt",9,"accuracy, model, performance, language, detection, dataset, datasets, data, experiment, learning"
"559.txt",1,"application, care, data, bias, consideration, health, privacy, challenge, governance, tool"
"56.txt",4,"information, healthcare, treatment, model, response, use, survey, concern, adoption, background"
"560.txt",1,"application, care, data, bias, consideration, health, privacy, challenge, governance, tool"
"561.txt",3,"medium, climate, policy, sentiment, topic, model, opinion, change, language, content"
"562.txt",8,"adoption, chain, innovation, supply, role, framework, integration, practice, challenge, enterprise"
"563.txt",5,"data, management, application, knowledge, model, system, challenge, language, security, domain"
"564.txt",8,"adoption, chain, innovation, supply, role, framework, integration, practice, challenge, enterprise"
"565.txt",6,"efficiency, energy, edge, system, optimization, overhead, solution, blockchain, challenge, architecture"
"566.txt",4,"information, healthcare, treatment, model, response, use, survey, concern, adoption, background"
"567.txt",3,"medium, climate, policy, sentiment, topic, model, opinion, change, language, content"
"568.txt",9,"accuracy, model, performance, language, detection, dataset, datasets, data, experiment, learning"
"569.txt",2,"model, design, framework, governance, policy, language, risk, system, technology, decision"
"57.txt",2,"model, design, framework, governance, policy, language, risk, system, technology, decision"
"570.txt",5,"data, management, application, knowledge, model, system, challenge, language, security, domain"
"571.txt",3,"medium, climate, policy, sentiment, topic, model, opinion, change, language, content"
"572.txt",4,"information, healthcare, treatment, model, response, use, survey, concern, adoption, background"
"573.txt",7,"student, education, curriculum, faculty, skill, thinking, university, educator, teaching, learning"
"574.txt",4,"information, healthcare, treatment, model, response, use, survey, concern, adoption, background"
"575.txt",2,"model, design, framework, governance, policy, language, risk, system, technology, decision"
"576.txt",3,"medium, climate, policy, sentiment, topic, model, opinion, change, language, content"
"577.txt",9,"accuracy, model, performance, language, detection, dataset, datasets, data, experiment, learning"
"578.txt",6,"efficiency, energy, edge, system, optimization, overhead, solution, blockchain, challenge, architecture"
"579.txt",2,"model, design, framework, governance, policy, language, risk, system, technology, decision"
"58.txt",4,"information, healthcare, treatment, model, response, use, survey, concern, adoption, background"
"580.txt",5,"data, management, application, knowledge, model, system, challenge, language, security, domain"
"581.txt",5,"data, management, application, knowledge, model, system, challenge, language, security, domain"
"582.txt",8,"adoption, chain, innovation, supply, role, framework, integration, practice, challenge, enterprise"
"583.txt",9,"accuracy, model, performance, language, detection, dataset, datasets, data, experiment, learning"
"584.txt",5,"data, management, application, knowledge, model, system, challenge, language, security, domain"
"585.txt",8,"adoption, chain, innovation, supply, role, framework, integration, practice, challenge, enterprise"
"586.txt",2,"model, design, framework, governance, policy, language, risk, system, technology, decision"
"587.txt",5,"data, management, application, knowledge, model, system, challenge, language, security, domain"
"588.txt",5,"data, management, application, knowledge, model, system, challenge, language, security, domain"
"589.txt",5,"data, management, application, knowledge, model, system, challenge, language, security, domain"
"59.txt",4,"information, healthcare, treatment, model, response, use, survey, concern, adoption, background"
"590.txt",3,"medium, climate, policy, sentiment, topic, model, opinion, change, language, content"
"591.txt",4,"information, healthcare, treatment, model, response, use, survey, concern, adoption, background"
"592.txt",3,"medium, climate, policy, sentiment, topic, model, opinion, change, language, content"
"593.txt",8,"adoption, chain, innovation, supply, role, framework, integration, practice, challenge, enterprise"
"594.txt",9,"accuracy, model, performance, language, detection, dataset, datasets, data, experiment, learning"
"595.txt",5,"data, management, application, knowledge, model, system, challenge, language, security, domain"
"596.txt",2,"model, design, framework, governance, policy, language, risk, system, technology, decision"
"597.txt",5,"data, management, application, knowledge, model, system, challenge, language, security, domain"
"598.txt",1,"application, care, data, bias, consideration, health, privacy, challenge, governance, tool"
"599.txt",7,"student, education, curriculum, faculty, skill, thinking, university, educator, teaching, learning"
"6.txt",3,"medium, climate, policy, sentiment, topic, model, opinion, change, language, content"
"60.txt",5,"data, management, application, knowledge, model, system, challenge, language, security, domain"
"600.txt",2,"model, design, framework, governance, policy, language, risk, system, technology, decision"
"601.txt",7,"student, education, curriculum, faculty, skill, thinking, university, educator, teaching, learning"
"602.txt",3,"medium, climate, policy, sentiment, topic, model, opinion, change, language, content"
"603.txt",5,"data, management, application, knowledge, model, system, challenge, language, security, domain"
"604.txt",1,"application, care, data, bias, consideration, health, privacy, challenge, governance, tool"
"605.txt",6,"efficiency, energy, edge, system, optimization, overhead, solution, blockchain, challenge, architecture"
"606.txt",2,"model, design, framework, governance, policy, language, risk, system, technology, decision"
"607.txt",3,"medium, climate, policy, sentiment, topic, model, opinion, change, language, content"
"608.txt",8,"adoption, chain, innovation, supply, role, framework, integration, practice, challenge, enterprise"
"609.txt",9,"accuracy, model, performance, language, detection, dataset, datasets, data, experiment, learning"
"61.txt",2,"model, design, framework, governance, policy, language, risk, system, technology, decision"
"610.txt",6,"efficiency, energy, edge, system, optimization, overhead, solution, blockchain, challenge, architecture"
"611.txt",3,"medium, climate, policy, sentiment, topic, model, opinion, change, language, content"
"612.txt",2,"model, design, framework, governance, policy, language, risk, system, technology, decision"
"613.txt",8,"adoption, chain, innovation, supply, role, framework, integration, practice, challenge, enterprise"
"614.txt",4,"information, healthcare, treatment, model, response, use, survey, concern, adoption, background"
"615.txt",2,"model, design, framework, governance, policy, language, risk, system, technology, decision"
"616.txt",4,"information, healthcare, treatment, model, response, use, survey, concern, adoption, background"
"617.txt",8,"adoption, chain, innovation, supply, role, framework, integration, practice, challenge, enterprise"
"618.txt",8,"adoption, chain, innovation, supply, role, framework, integration, practice, challenge, enterprise"
"619.txt",4,"information, healthcare, treatment, model, response, use, survey, concern, adoption, background"
"62.txt",5,"data, management, application, knowledge, model, system, challenge, language, security, domain"
"620.txt",5,"data, management, application, knowledge, model, system, challenge, language, security, domain"
"621.txt",3,"medium, climate, policy, sentiment, topic, model, opinion, change, language, content"
"622.txt",5,"data, management, application, knowledge, model, system, challenge, language, security, domain"
"623.txt",9,"accuracy, model, performance, language, detection, dataset, datasets, data, experiment, learning"
"624.txt",4,"information, healthcare, treatment, model, response, use, survey, concern, adoption, background"
"625.txt",9,"accuracy, model, performance, language, detection, dataset, datasets, data, experiment, learning"
"626.txt",7,"student, education, curriculum, faculty, skill, thinking, university, educator, teaching, learning"
"627.txt",5,"data, management, application, knowledge, model, system, challenge, language, security, domain"
"628.txt",8,"adoption, chain, innovation, supply, role, framework, integration, practice, challenge, enterprise"
"629.txt",3,"medium, climate, policy, sentiment, topic, model, opinion, change, language, content"
"63.txt",5,"data, management, application, knowledge, model, system, challenge, language, security, domain"
"630.txt",5,"data, management, application, knowledge, model, system, challenge, language, security, domain"
"631.txt",6,"efficiency, energy, edge, system, optimization, overhead, solution, blockchain, challenge, architecture"
"632.txt",8,"adoption, chain, innovation, supply, role, framework, integration, practice, challenge, enterprise"
"633.txt",2,"model, design, framework, governance, policy, language, risk, system, technology, decision"
"634.txt",3,"medium, climate, policy, sentiment, topic, model, opinion, change, language, content"
"635.txt",2,"model, design, framework, governance, policy, language, risk, system, technology, decision"
"636.txt",8,"adoption, chain, innovation, supply, role, framework, integration, practice, challenge, enterprise"
"637.txt",8,"adoption, chain, innovation, supply, role, framework, integration, practice, challenge, enterprise"
"638.txt",3,"medium, climate, policy, sentiment, topic, model, opinion, change, language, content"
"639.txt",8,"adoption, chain, innovation, supply, role, framework, integration, practice, challenge, enterprise"
"64.txt",4,"information, healthcare, treatment, model, response, use, survey, concern, adoption, background"
"640.txt",2,"model, design, framework, governance, policy, language, risk, system, technology, decision"
"641.txt",3,"medium, climate, policy, sentiment, topic, model, opinion, change, language, content"
"642.txt",3,"medium, climate, policy, sentiment, topic, model, opinion, change, language, content"
"643.txt",3,"medium, climate, policy, sentiment, topic, model, opinion, change, language, content"
"644.txt",2,"model, design, framework, governance, policy, language, risk, system, technology, decision"
"645.txt",8,"adoption, chain, innovation, supply, role, framework, integration, practice, challenge, enterprise"
"646.txt",2,"model, design, framework, governance, policy, language, risk, system, technology, decision"
"647.txt",5,"data, management, application, knowledge, model, system, challenge, language, security, domain"
"648.txt",2,"model, design, framework, governance, policy, language, risk, system, technology, decision"
"649.txt",2,"model, design, framework, governance, policy, language, risk, system, technology, decision"
"65.txt",9,"accuracy, model, performance, language, detection, dataset, datasets, data, experiment, learning"
"650.txt",3,"medium, climate, policy, sentiment, topic, model, opinion, change, language, content"
"651.txt",2,"model, design, framework, governance, policy, language, risk, system, technology, decision"
"652.txt",6,"efficiency, energy, edge, system, optimization, overhead, solution, blockchain, challenge, architecture"
"653.txt",3,"medium, climate, policy, sentiment, topic, model, opinion, change, language, content"
"654.txt",3,"medium, climate, policy, sentiment, topic, model, opinion, change, language, content"
"655.txt",8,"adoption, chain, innovation, supply, role, framework, integration, practice, challenge, enterprise"
"656.txt",2,"model, design, framework, governance, policy, language, risk, system, technology, decision"
"657.txt",3,"medium, climate, policy, sentiment, topic, model, opinion, change, language, content"
"658.txt",2,"model, design, framework, governance, policy, language, risk, system, technology, decision"
"659.txt",4,"information, healthcare, treatment, model, response, use, survey, concern, adoption, background"
"66.txt",4,"information, healthcare, treatment, model, response, use, survey, concern, adoption, background"
"660.txt",7,"student, education, curriculum, faculty, skill, thinking, university, educator, teaching, learning"
"661.txt",7,"student, education, curriculum, faculty, skill, thinking, university, educator, teaching, learning"
"662.txt",3,"medium, climate, policy, sentiment, topic, model, opinion, change, language, content"
"663.txt",8,"adoption, chain, innovation, supply, role, framework, integration, practice, challenge, enterprise"
"664.txt",5,"data, management, application, knowledge, model, system, challenge, language, security, domain"
"665.txt",3,"medium, climate, policy, sentiment, topic, model, opinion, change, language, content"
"666.txt",3,"medium, climate, policy, sentiment, topic, model, opinion, change, language, content"
"667.txt",8,"adoption, chain, innovation, supply, role, framework, integration, practice, challenge, enterprise"
"668.txt",2,"model, design, framework, governance, policy, language, risk, system, technology, decision"
"669.txt",5,"data, management, application, knowledge, model, system, challenge, language, security, domain"
"67.txt",3,"medium, climate, policy, sentiment, topic, model, opinion, change, language, content"
"670.txt",2,"model, design, framework, governance, policy, language, risk, system, technology, decision"
"671.txt",3,"medium, climate, policy, sentiment, topic, model, opinion, change, language, content"
"672.txt",5,"data, management, application, knowledge, model, system, challenge, language, security, domain"
"673.txt",7,"student, education, curriculum, faculty, skill, thinking, university, educator, teaching, learning"
"674.txt",3,"medium, climate, policy, sentiment, topic, model, opinion, change, language, content"
"675.txt",6,"efficiency, energy, edge, system, optimization, overhead, solution, blockchain, challenge, architecture"
"676.txt",5,"data, management, application, knowledge, model, system, challenge, language, security, domain"
"677.txt",2,"model, design, framework, governance, policy, language, risk, system, technology, decision"
"678.txt",6,"efficiency, energy, edge, system, optimization, overhead, solution, blockchain, challenge, architecture"
"679.txt",3,"medium, climate, policy, sentiment, topic, model, opinion, change, language, content"
"68.txt",3,"medium, climate, policy, sentiment, topic, model, opinion, change, language, content"
"680.txt",3,"medium, climate, policy, sentiment, topic, model, opinion, change, language, content"
"681.txt",9,"accuracy, model, performance, language, detection, dataset, datasets, data, experiment, learning"
"682.txt",4,"information, healthcare, treatment, model, response, use, survey, concern, adoption, background"
"683.txt",4,"information, healthcare, treatment, model, response, use, survey, concern, adoption, background"
"684.txt",1,"application, care, data, bias, consideration, health, privacy, challenge, governance, tool"
"685.txt",6,"efficiency, energy, edge, system, optimization, overhead, solution, blockchain, challenge, architecture"
"686.txt",3,"medium, climate, policy, sentiment, topic, model, opinion, change, language, content"
"687.txt",8,"adoption, chain, innovation, supply, role, framework, integration, practice, challenge, enterprise"
"688.txt",2,"model, design, framework, governance, policy, language, risk, system, technology, decision"
"689.txt",3,"medium, climate, policy, sentiment, topic, model, opinion, change, language, content"
"69.txt",3,"medium, climate, policy, sentiment, topic, model, opinion, change, language, content"
"690.txt",8,"adoption, chain, innovation, supply, role, framework, integration, practice, challenge, enterprise"
"691.txt",3,"medium, climate, policy, sentiment, topic, model, opinion, change, language, content"
"692.txt",8,"adoption, chain, innovation, supply, role, framework, integration, practice, challenge, enterprise"
"693.txt",3,"medium, climate, policy, sentiment, topic, model, opinion, change, language, content"
"694.txt",8,"adoption, chain, innovation, supply, role, framework, integration, practice, challenge, enterprise"
"695.txt",8,"adoption, chain, innovation, supply, role, framework, integration, practice, challenge, enterprise"
"696.txt",7,"student, education, curriculum, faculty, skill, thinking, university, educator, teaching, learning"
"697.txt",8,"adoption, chain, innovation, supply, role, framework, integration, practice, challenge, enterprise"
"698.txt",5,"data, management, application, knowledge, model, system, challenge, language, security, domain"
"699.txt",1,"application, care, data, bias, consideration, health, privacy, challenge, governance, tool"
"7.txt",2,"model, design, framework, governance, policy, language, risk, system, technology, decision"
"70.txt",4,"information, healthcare, treatment, model, response, use, survey, concern, adoption, background"
"700.txt",1,"application, care, data, bias, consideration, health, privacy, challenge, governance, tool"
"701.txt",3,"medium, climate, policy, sentiment, topic, model, opinion, change, language, content"
"702.txt",6,"efficiency, energy, edge, system, optimization, overhead, solution, blockchain, challenge, architecture"
"703.txt",7,"student, education, curriculum, faculty, skill, thinking, university, educator, teaching, learning"
"704.txt",2,"model, design, framework, governance, policy, language, risk, system, technology, decision"
"705.txt",3,"medium, climate, policy, sentiment, topic, model, opinion, change, language, content"
"706.txt",8,"adoption, chain, innovation, supply, role, framework, integration, practice, challenge, enterprise"
"707.txt",2,"model, design, framework, governance, policy, language, risk, system, technology, decision"
"708.txt",8,"adoption, chain, innovation, supply, role, framework, integration, practice, challenge, enterprise"
"709.txt",6,"efficiency, energy, edge, system, optimization, overhead, solution, blockchain, challenge, architecture"
"71.txt",4,"information, healthcare, treatment, model, response, use, survey, concern, adoption, background"
"710.txt",2,"model, design, framework, governance, policy, language, risk, system, technology, decision"
"711.txt",3,"medium, climate, policy, sentiment, topic, model, opinion, change, language, content"
"712.txt",5,"data, management, application, knowledge, model, system, challenge, language, security, domain"
"713.txt",2,"model, design, framework, governance, policy, language, risk, system, technology, decision"
"714.txt",8,"adoption, chain, innovation, supply, role, framework, integration, practice, challenge, enterprise"
"715.txt",3,"medium, climate, policy, sentiment, topic, model, opinion, change, language, content"
"72.txt",1,"application, care, data, bias, consideration, health, privacy, challenge, governance, tool"
"73.txt",3,"medium, climate, policy, sentiment, topic, model, opinion, change, language, content"
"74.txt",5,"data, management, application, knowledge, model, system, challenge, language, security, domain"
"75.txt",2,"model, design, framework, governance, policy, language, risk, system, technology, decision"
"76.txt",4,"information, healthcare, treatment, model, response, use, survey, concern, adoption, background"
"77.txt",2,"model, design, framework, governance, policy, language, risk, system, technology, decision"
"78.txt",8,"adoption, chain, innovation, supply, role, framework, integration, practice, challenge, enterprise"
"79.txt",3,"medium, climate, policy, sentiment, topic, model, opinion, change, language, content"
"8.txt",8,"adoption, chain, innovation, supply, role, framework, integration, practice, challenge, enterprise"
"80.txt",1,"application, care, data, bias, consideration, health, privacy, challenge, governance, tool"
"81.txt",1,"application, care, data, bias, consideration, health, privacy, challenge, governance, tool"
"82.txt",5,"data, management, application, knowledge, model, system, challenge, language, security, domain"
"83.txt",5,"data, management, application, knowledge, model, system, challenge, language, security, domain"
"84.txt",4,"information, healthcare, treatment, model, response, use, survey, concern, adoption, background"
"85.txt",3,"medium, climate, policy, sentiment, topic, model, opinion, change, language, content"
"86.txt",6,"efficiency, energy, edge, system, optimization, overhead, solution, blockchain, challenge, architecture"
"87.txt",7,"student, education, curriculum, faculty, skill, thinking, university, educator, teaching, learning"
"88.txt",2,"model, design, framework, governance, policy, language, risk, system, technology, decision"
"89.txt",2,"model, design, framework, governance, policy, language, risk, system, technology, decision"
"9.txt",2,"model, design, framework, governance, policy, language, risk, system, technology, decision"
"90.txt",9,"accuracy, model, performance, language, detection, dataset, datasets, data, experiment, learning"
"91.txt",5,"data, management, application, knowledge, model, system, challenge, language, security, domain"
"92.txt",8,"adoption, chain, innovation, supply, role, framework, integration, practice, challenge, enterprise"
"93.txt",3,"medium, climate, policy, sentiment, topic, model, opinion, change, language, content"
"94.txt",1,"application, care, data, bias, consideration, health, privacy, challenge, governance, tool"
"95.txt",5,"data, management, application, knowledge, model, system, challenge, language, security, domain"
"96.txt",2,"model, design, framework, governance, policy, language, risk, system, technology, decision"
"97.txt",4,"information, healthcare, treatment, model, response, use, survey, concern, adoption, background"
"98.txt",2,"model, design, framework, governance, policy, language, risk, system, technology, decision"
"99.txt",8,"adoption, chain, innovation, supply, role, framework, integration, practice, challenge, enterprise"
